,Experience,Salary
0,8,95099.55131800337
1,9,101800.33651149749
2,11,115201.9068984857
3,13,128603.47728547393
4,16,148705.83286595624
5,17,155406.61805945035
6,19,168808.18844643858
7,21,182209.7588334268
8,22,188910.54402692092
